abacavir (sulfato);20 mg/mL
abacavir (sulfato);300 mg
abemaciclibe;50 mg
abemaciclibe;100 mg
abemaciclibe;150 mg
abemaciclibe;200 mg
abiraterona (acetato);250 mg
abiraterona (acetato);500 mg
acalabrutinibe;100 mg
acalabrutinibe (maleato);101 mg
acebrofilina;5 mg/mL
acebrofilina;10 mg/mL
acebrofilina;5 mg/ml
aceclofenaco;100 mg
aceclofenaco;15 mg/g
acetazolamida;250 mg
acetilcisteina;100 mg
acetilcisteina;40 mg/g
acetilcisteina;120 mg/g
acetilcisteina;11,5 mg/ml
acetilcisteina;20 mg/ml
acetilcisteina;40 mg/ml
acetilcisteina;600 mg
acetilcisteina;100 mg/ml
acetilcisteina;200 mg
aciclovir;400 mg
aciclovir;200 mg
aciclovir;250 mg
aciclovir;50 mg/g
acido acetilsalicilico;100 mg
acido acetilsalicilico;500mg
acido acetilsalicilico;500mg
acido acetilsalicilico;100mg
acido acetilsalicilico;300mg
acido carglumico;200mg
acido tioctico;600mg
acido ursodesoxicolico;50mg
acido ursodesoxicolico;150mg
acido ursodesoxicolico;300mg
acido valproico;250mg
acitretina;10mg
acitretina;25 mg
adapaleno;1mg/g
adapaleno;3,0 mg/g
adapaleno;1,0 mg/g
adapaleno;1,0 mg/g
adenosina;3mg/mL
afatinibe (dimaleato);30mg
afatinibe (dimaleato);40mg
agomelatina;25 mg
albendazol;400mg
alcaftadina;2,5mg/ml
alectinibe;150mg
alendronato sodico;70 mg
alfaestradiol;0,25 mg/mL
alfentanila (cloridrato);544 µg/mL
alfuzosina (cloridrato);10 mg
alogliptina (benzoato);12,5mg
alogliptina (benzoato);25mg
alopurinol;100mg
alopurinol;300mg
alprazolam;0,25mg
alprazolam;0,5mg
alprazolam;1mg
alprazolam;2mg
alprazolam;0,5mg
alprazolam;1,0mg
alprazolam;2,0mg
alprostadil;500µg/mL
alprostadil;10μg/mL
alprostadil;20μg/mL
alprostadil;20 μg
amantadina (cloridrato);100mg
ambrisetana;5mg
ambrisetana;10mg
ambroxol (cloridrato);3 mg/ml
ambroxol (cloridrato);6 mg/ml
ambroxol (cloridrato);7,5mg/mL
amicacina (sulfato);50mg/ml
amicacina (sulfato);125mg/ml
amicacina (sulfato);250mg/ml
aminofilina;24 mg/ml
aminofilina;100mg
aminofilina;200mg
amiodarona (cloridrato);100mg
amiodarona (cloridrato);200mg
amiodarona (cloridrato);50mg/mL
amisulprida;50mg
amisulprida;200mg
amitriptilina (cloridrato);25mg
amitriptilina (cloridrato);75mg
amitriptilina (cloridrato);10mg
amorolfina;50mg/mL
amorolfina (cloridrato);2,5mg/g
amoxicilina;500mg
amoxicilina;125mg/5mL
amoxicilina;250mg/5mL
amoxicilina;500mg/5mL
amoxicilina;400mg/5ml
amoxicilina;875mg
ampicilina;500mg
ampicilina sodica;500mg
ampicilina sodica;1g
anagrelida (cloridrato);0,5mg
anastrozol;1mg
anfotericina b;5mg/ml
anfotericina b (lipossomal);50mg/12mL
anidulafungina;100mg/30mL
anlodipino (besilato);2,5mg
anlodipino (besilato);5,0mg
anlodipino (besilato);10mg
apalutamida;60mg
apixabana;2,5mg
apixabana;5mg
aripiprazol;10mg
aripiprazol;15mg
aripiprazol;20mg
aripiprazol;30mg
aripiprazol;1mg/mL
aripiprazol;20 mg/mL
armodafinila;150mg
armodafinila;250mg
atazaniavir (sulfato);300mg
atenolol;25 mg
atenolol;50 mg
atenolol;100 mg
atomoxetina (cloridrato);10 mg
atomoxetina (cloridrato);18 mg
atomoxetina (cloridrato);25 mg
atomoxetina (cloridrato);40 mg
atomoxetina (cloridrato);60 mg
atomoxetina (cloridrato);80 mg
atorvastatina calcica;10 mg
atorvastatina calcica;20 mg
atorvastatina calcica;40 mg
atorvastatina calcica;80 mg
atosibano (acetato);7,5 mg/mL
atosibano (acetato);7,5 mg/mL
atracurio (besilato);10 mg/mL
atropina (sulfato);0,25 mg/mL
atropina (sulfato);0,5 mg/mL
axetilcefuroxima;50 mg/mL
axetilcefuroxima;250 mg
axetilcefuroxima;500 mg
axitinibe;1 mg
axitinibe;5 mg
azacitidina;100mg/4mL
azatioprina;50 mg
azelaico (acido);150 mg/g
azelaico (acido);200 mg/g
azitromicina di-hidratada;40mg/ml
azitromicina di-hidratada;1000mg
azitromicina di-hidratada;500mg
azitromicina di-hidratada;500mg/4,8mL
aztreonam;1000mg
baclofeno;10mg
baricitinibe;2mg
baricitinibe;4mg
beclometasona (dipropionato);100mcg/dose
beclometasona (dipropionato);50 mcg/mg
beclometasona (dipropionato);50mcg/dose
beclometasona (dipropionato);100mcg/dose
beclometasona (dipropionato);200mcg/dose
beclometasona (dipropionato);250mcg/dose
belinostate;500mg
benazepril (cloridrato);5mg
benazepril (cloridrato);10 mg
bendamustina (cloridrato);25mg
bendamustina (cloridrato);100mg
benfotiamina;150mg
benzidamina (cloridrato);1,5mg/mL
benzidamina (cloridrato);1,5mg/mL
benzidamina (cloridrato);3mg
benzidamina (cloridrato);5mg/g
benzilpenicilina  benzatina;"1.200.000UI
(300.000UI/mLX4mL)"
benzilpenicilina  potassica;5.000.000 UI
benznidazol;100 mg
benzoilmetronidazol;40mg/mL
betaistina (dicloridrato);32mg/24h
betaistina (dicloridrato);48mg/24h
betaistina (dicloridrato);16mg
betaistina (dicloridrato);24mg
betaistina (dicloridrato);8mg
betametasona;0,1mg/mL
betametasona;0,5mg
betametasona;2mg
betametasona (dipropionato);0,64mg/g
betametasona (dipropionato);0,64mg/g
betametasona (dipropionato);0,64mg/mL
betametasona (fosfato dissodico);4mg/mL
betametasona (valerato);1mg/g
betametasona (valerato);1mg/g
betametasona (valerato);1mg/g
betaxolol (cloridrato);5,0mg/mL
betaxolol (cloridrato);2,5mg/mL
bezafibrato;400mg
bicalutamida;50mg
bilastina;20mg
bilastina;2,5mg/mL
bimatoprosta;0,3mg/ml
bimatoprosta;0,1mg/mL
bimatoprosta;0,3mg/mL
biperideno (cloridrato);2mg
biperideno (cloridrato);4mg
bisacodil;5mg
bisoprolol (hemifumarato);1,25mg
bisoprolol (hemifumarato);2,5mg
bisoprolol (hemifumarato);5mg
bisoprolol (hemifumarato);10,0mg
bleomicina (sulfato);15 UI
bortezomibe;1mg
bortezomibe;3,5 mg
bosentana;62,5mg
bosentana;125 mg
bosutinibe monoidratado;100mg
bosutinibe monoidratado;400mg
bosutinibe monoidratado;500mg
brexpiprazol;0,50mg
brexpiprazol;1mg
brexpiprazol;2mg
brexpiprazol;3mg
brimonidina (tartarato);2mg/mL
brimonidina (tartarato);1,5mg/mL
brimonidina (tartarato);1mg/ml
brinzolamida;10mg/mL
bromazepam;3,0mg
bromazepam;6,0mg
bromazepam;2,5mg/ml
brometo de glicopirronio;50 mcg
brometo de pancuronio;2mg/ml
bromexina (cloridrato);0,8mg/mL
bromexina (cloridrato);1,6mg/mL
bromexina (cloridrato);2,0mg/mL
bromocriptina (mesilato);2,5mg
bromoprida;5mg/mL
bromoprida;10mg
bromoprida;4mg/mL
buclizina (dicloridrato);25mg
budesonida;32mcg/dose
budesonida;64mcg/dose
budesonida;50mcg/dose
budesonida;100mcg/dose
budesonida;200mcg
budesonida;400mcg
budesonida;3mg
budesonida;0,25mg/mL
budesonida;0,50mg/mL
buflomedil (cloridrato);150mg
buflomedil (cloridrato);300 mg
bupivacaina (cloridrato);5mg/mL
bupivacaina (cloridrato) + glicose;5mg/mL +glicose 80mg/mL
buprenorfina;5µg/h
buprenorfina;10µg/h
buprenorfina;20µg/h
buprenorfina;35µg/h
buprenorfina;52,5µg/h
buprenorfina;70µg/h
bupropiona (cloridrato);150mg/24h
bupropiona (cloridrato);300mg/24h
bupropiona (cloridrato) - indicaçao antidepressivo;150mg,12h
bupropiona (cloridrato) - indicaçao antitabagismo;150mg/12h
buspirona (cloridrato);5mg
buspirona (cloridrato);10mg
bussulfano;6mg/ml
butoconazol (nitrato);20mg/g
cabazitaxel;40mg/ml
cabergolina;0,5mg
calcipotriol;50mcg/g
calcitonina (sintetica de salmao);200UI/dose
canaglifozina anidra;100mg
canaglifozina anidra;300mg
candesartana cilexetila;8mg
candesartana cilexetila;16mg
candesartana cilexetila;32mg
capecitabina;150mg
capecitabina;500mg
capivasertibe;160mg
capivasertibe;200mg
captopril;25mg
captopril;50mg
carbamazepina;20mg/ml
carbamazepina;200mg
carbamazepina;400mg
carbamazepina;200mg
carbamazepina;400mg
carbetocina;100µg/mL
carbocisteina;20 mg/Ml
carbocisteina;50 mg/Ml
carboplatina;10mg/ml
carboplatina;150mg
carfilzomibe;60mg
carmustina;100mg
carvedilol;3,125mg
carvedilol;6,25mg
carvedilol;12,5mg
carvedilol;25mg
caspofungina (acetato);50mg
caspofungina (acetato);70mg
cefadroxila;500 mg
cefadroxila;50mg/mL
cefalexina monoidratada;50mg/mL
cefalexina monoidratada;50mg/mL
cefalexina monoidratada;1,5g/15mL (100mg/mL)
cefalexina monoidratada;100mg/mL
cefalexina monoidratada;500mg
cefalexina monoidratada;1000mg
cefalexina monoidratada;500mg
cefalotina sodica (tamponada);1000mg
cefazolina sodica;1000 mg/10mL
cefdinir;25mg/mL
cefdinir;50mg/mL
cefepima (cloridrato);1g
cefepima (cloridrato);2g
cefotaxima sodica;250mg/mL
cefotaxima sodica;1000mg
ceftarolina fosamila;600mg
ceftazidima;1g
ceftriaxona dissodica hemieptaidratada;500mg/5mL
ceftriaxona dissodica hemieptaidratada;1000mg/10mL
ceftriaxona dissodica hemieptaidratada;500mg/2mL
ceftriaxona dissodica hemieptaidratada;1000mg/3,5mL
cefuroxima sodica;750mg
celecoxibe;100mg
celecoxibe;200 mg
cetirizina (dicloridrato);10mg
cetirizina (dicloridrato);10mg
cetoconazol;200mg
cetoconazol;20mg/g
cetoconazol;20mg/g
cetoprofeno;150mg
cetoprofeno;100mg
cetoprofeno;20mg/mL
cetoprofeno;50mg
cetoprofeno;100mg
cetoprofeno;50mg/mL
cetoprofeno;100mg
cetoprofeno;200mg
cetoprofeno;1mg/mL
cetoprofeno (lisinato);160mg
cetoprofeno (lisinato);320mg
cetotifeno (fumarato);0,250 mg/mL
cetrorrelix (acetato);0,25mg
ciclobenzaprina (cloridrato);5mg
ciclobenzaprina (cloridrato);10mg
ciclobenzaprina (cloridrato);15mg
ciclofosfamida;1000mg/75mL
ciclopentolato (cloridrato);10mg/mL
ciclopirox;80mg/g
ciclopirox olamina;10mg/g
ciclopirox olamina;10mg/mL
ciclosporina;0,5mg/g
ciclosporina;50 mg/mL
ciclosporina;100 mg/mL
ciclosporina;25mg
ciclosporina;50mg
ciclosporina;100mg
cilostazol;50mg
cilostazol;100mg
cimetidina;150mg/mL
cinacalcete (cloridrato);30mg
cinacalcete (cloridrato);60mg
cinarizina;25mg
cinarizina;75mg
ciprofibrato;100mg
ciprofloxacino (cloridrato);3mg/mL
ciprofloxacino (cloridrato);500mg
ciprofloxacino (soluçao de cloreto de sodio);2mg/ml
ciproterona (acetato);50mg
ciproterona (acetato);100mg
cisatracurio (besilato);2 mg/mL
cisatracurio (besilato);5 mg/mL
cisplatina;1mg/ml
cisplatina;0,5mg/ml
citalopram (bromidrato);20mg
citalopram (bromidrato);40mg
citarabina;100mg/mL
citrato de cafeina;20mg/mL
cladribina;1mg/mL
cladribina;10 mg
claritromicina;500mg
claritromicina;50mg/mL
claritromicina;500mg/10mL
claritromicina;25mg/mL
claritromicina;500mg
clindamicina (cloridrato);300mg
clindamicina (fosfato);10mg/ml
clindamicina (fosfato);150 mg/ml
clobazam;10mg
clobazam;20 mg
clobetasol (propionato);0,5mg/g
clobetasol (propionato);0,5mg/g
clobetasol (propionato);0,5mg/g
clomipramina (cloridrato);10mg
clomipramina (cloridrato);25 mg
clomipramina (cloridrato);75mg
clonazepam;0,5mg
clonazepam;2,0mg
clonazepam;0,25mg
clonazepam;2,5mg/ml
clonidina (cloridrato);100µg
clonidina (cloridrato);150µg
clonidina (cloridrato);150 mcg/mL
clonixinato de lisina;125mg
clonixinato de lisina;250mg
cloperastina (fendizoato);35,4mg/ml
cloperastina (fendizoato);3,54mg/ml
clopidogrel (bissulfato);75 mg
clorambucila;2mg
cloranfenicol (levogiro);500 mg
cloranfenicol (succinato sodico);1g
cloridrato de aminolevulinato de metila;160mg/g
clorpromazina (cloridrato);25mg
clorpromazina (cloridrato);100mg
clorpromazina (cloridrato);40mg/mL
clorpromazina (cloridrato);5mg/mL
clorpropamida;250mg
clortalidona;12,5mg
clortalidona;25mg
clortalidona;50mg
clotrimazol;10mg/g
clotrimazol;10mg/g
clotrimazol;10mg/g
clotrimazol;10mg/g
clotrimazol;20mg/g
clotrimazol;500mg
clotrimazol;500mg
clozapina;100mg
clozapina;25mg
cobimetinibe (hemifumarato);20mg
codeina (fosfato);30mg
codeina (fosfato);60mg
codeina (fosfato);3mg/mL
codeina (fosfato);30mg/mL
codergocrina (mesilato);4,5mg/1,5ml
colchicina;0,5mg
colchicina;1mg
colestiramina;4g/90mL
colistimetato sodico;150mg colistina base/2mL
colistimetato sodico;1.000.000 UI/mL
crizotinibe;250mg
crizotinibe;200mg
cromoglicato dissodico;2PCC (20mg/g)
cromoglicato dissodico;4PCC (40mg/g)
cromoglicato dissodico;20mg/mL
cromoglicato dissodico;40mg/mL
dabigatrana (etexilato);75mg
dabigatrana (etexilato);110mg
dabigatrana (etexilato);150 mg
dabrafenibe (mesilato);50 mg
dabrafenibe (mesilato);75 mg
dacarbazina;10mg/ml
daclatasvir (dicloridrato);60mg
dactinomicina;0,5mg/1,1mL
danazol;100mg
danazol;200mg
dantroleno sodico;20mg
dapaglifozina;5mg
dapaglifozina;10mg
dapoxetina (cloridrato);30mg
daptomicina;500 mg
darifenacina (bromidrato);7,5mg
darifenacina (bromidrato);15,0mg
darolutamida;300mg
darunavir;75mg
darunavir;150mg
darunavir;300mg
darunavir;600 mg
darunavir;800mg
dasatinibe;20mg
dasatinibe;100mg
decitabina;50mg/ 10mL
deferasirox;125mg
deferasirox;250mg
deferasirox;500mg
deferoxamina (mesilato);500mg/ 5mL
deflazacorte;6,0mg
deflazacorte;30mg
degarelix (acetato);80mg/4,2mL
degarelix (acetato);120mg/3,0 mL
delafloxacino;300mg/mL
deslanosideo;0,2mg/mL
desloratadina;0,5mg/ml
desloratadina;5mg
desloratadina;1,25mg/mL
desmopressina (acetato);0,1mg/mL
desmopressina (acetato);0,1mg
desmopressina (acetato);0,2mg
desmopressina (acetato);4mcg/mL
desogestrel;75mcg
desonida;0,500mg/g
desoximetasona;2,5mg/g
desvenlafaxina (succinato monoidratado);75,87 mg (50mg)
desvenlafaxina (succinato monoidratado);151,77 mg (100mg)
dexametasona;0,1mg/mL
dexametasona;0,5mg
dexametasona;0,75mg
dexametasona;4mg
dexametasona;1mg/mL
dexametasona;1mg/g
dexametasona (fosfato dissodico);4mg/mL
dexametasona (fosfato dissodico);2mg/mL
dexclorfeniramina (maleato);10mg/g
dexclorfeniramina (maleato);2mg
dexclorfeniramina (maleato);6,0mg
dexclorfeniramina (maleato);0,4mg/ml
dexclorfeniramina (maleato);2,8mg/ml
dexlansoprazol;30 mg
dexlansoprazol;60 mg
dexmedetomidina(cloridrato);100 mcg/ml
dexmedetomidina(cloridrato);4 mcg/mL
dextrometorfano (bromidrato);3 mg/mL
diacereina;50 mg
diazepam;5 mg/mL
diazepam;5 mg
diazepam;10 mg
diclofenaco (acido);44,3 mg
diclofenaco (colestiramina);140 mg
diclofenaco (dietilamonio);11,6 mg
diclofenaco (dietilamonio);11,6 mg/g
diclofenaco (dietilamonio);23,2mg/g
diclofenaco potassico;50mg
diclofenaco sodico;10mg/g
diclofenaco sodico;150mg
diclofenaco sodico;1mg/mL
diclofenaco sodico;25mg/mL
diclofenaco sodico;50mg
diclofenaco sodico;100mg
diclofenaco sodico;75mg
didrogesterona;10mg
dienogeste;2mg
difenidramina (cloridrato);50mg
dimenidrinato;100mg
dimenidrinato;25mg
dimenidrinato;50mg
dipirona sodica monoidratada;300mg
dipirona sodica monoidratada;500mg
dipirona sodica monoidratada;1000mg
dipirona sodica monoidratada;500mg/mL
dipirona sodica monoidratada;50mg/mL
dipirona sodica monoidratada;500mg/mL
dipirona sodica monoidratada;1g
divalproato de sodio;250mg
divalproato de sodio;500mg
divalproato de sodio;250mg
divalproato de sodio;500mg
divalproato de sodio;125mg
dobesilato de calcio;500mg
dobutamina (cloridrato);12,5mg/mL
docetaxel (triidratado);20mg/ml
dolutegravir sodico;50 mg
domperidona;10 mg
domperidona;5 mg/mL
donepezila (cloridrato);5mg
donepezila (cloridrato);10 mg
dopamina (cloridrato);5mg/mL
dorzolamida (cloridrato);20mg/mL
doxazosina (mesilato);4,0 mg
doxiciclina (hiclato);100mg
doxiciclina monoidratada;100mg
doxorrubicina (cloridrato);10mg
doxorrubicina (cloridrato);50mg
doxorrubicina (cloridrato);2mg/mL
droperidol;2,5mg/mL
dropropizina;1,5mg/mL
dropropizina;3mg/mL
dropropizina;30mg/mL
drospirenona;4mg
duloxetina (cloridrato);30mg
duloxetina (cloridrato);60mg
dutasterida;0,5mg
ebastina;1mg/mL
ebastina;10mg
edoxabana (tosilato);15 mg
edoxabana (tosilato);30 mg
edoxabana (tosilato);60 mg
efavirenz;600mg
efedrina (sulfato);50mg/mL
eletriptana (bromidrato);20 mg
eletriptana (bromidrato);80 mg
eltrombopague olamina;25mg
eltrombopague olamina;50mg
empagliflozina;10mg
empagliflozina;25mg
enalapril (maleato);5mg
enalapril (maleato);10mg
enalapril (maleato);20mg
enflurano;1ml/ml
enfuvirtida;108mg/1,1mL (90mg/mL)
entacapona;200mg
enzalutamida;40mg
enzalutamida;40mg
enzalutamida;80mg
epinastina (cloridrato);10mg
epinastina (cloridrato);20mg
epinastina (cloridrato);2mg/mL
epinastina (cloridrato);0,5mg/mL
epinefrina;1mg/mL
epirrubicina (cloridrato);2mg/mL
eplerenona;25mg
eplerenona;50mg
erdafitinibe;3mg
erdafitinibe;4mg
erdafitinibe;5mg
eribulina (mesilato);0,5mg/ml
eritromicina (lactobionato);1000mg
erlotinibe (cloridrato);25mg
erlotinibe (cloridrato);100mg
erlotinibe (cloridrato);150mg
ertapenem sodico;1g
escetamina (cloridrato);50mg/ml
escetamina (cloridrato);50mg/ml
escetamina (cloridrato);140mg/mL
escitalopram (oxalato);20 mg/ml
escitalopram (oxalato);10mg
escitalopram (oxalato);15mg
escitalopram (oxalato);20mg
escitalopram (oxalato);5mg
escitalopram (oxalato);10mg
escitalopram (oxalato);15mg
escitalopram (oxalato);20mg
escopolamina (butilbrometo);10mg
escopolamina (butilbrometo);10mg/mL
escopolamina (butilbrometo);20mg/mL
esilato de nintedanibe;100mg
esilato de nintedanibe;150mg
esmolol (cloridrato);10mg/mL
esmolol (cloridrato);10mg/mL
esomeprazol magnesio triidratado;20mg
esomeprazol magnesio triidratado;40mg
esomeprazol magnesio triidratado;20mg
esomeprazol magnesio triidratado;40mg
espiramicina;1,5 MUI
espironolactona;25 mg
espironolactona;50mg
espironolactona;100mg
estazolam;2mg
estradiol;1mg
estradiol;0,1PCC (1mg/g)
estradiol hemi-hidratado;0,1PCC (1mg/g)
estradiol hemi-hidratado;0,6mg/g
estradiol hemi-hidratado;1,6mg
estradiol hemi-hidratado;3,2mg
estradiol hemi-hidratado;6,4mg
estradiol hemi-hidratado;10,3µg
eszopiclona;1mg
eszopiclona;2mg
eszopiclona;3mg
etionamida;250mg
etodolaco;200mg
etodolaco;300mg
etodolaco;400mg
etodolaco;500mg
etodolaco;600mg
etomidato;2mg/mL
etonogestrel;68mg
etoposideo;20mg/ml
etoricoxib;60mg
etoricoxib;90mg
etravirina;100mg
everolimo;2,5mg
everolimo;5mg
everolimo;10mg
everolimo;0,5mg
everolimo;0,75mg
everolimo;1,0mg
evogliptina (tartarato);5mg
exemestano;25mg
exenatida;250mcg/ml
ezetimiba;10mg
famotidina;40mg
famotidina;8mg/mL
fampridina;10mg
fanciclovir;125mg
fanciclovir;500mg
fenazopiridina (cloridrato);100mg
fenazopiridina (cloridrato);200mg
fenilbutazona calcica;200mg
fenitoina;100mg
fenitoina sodica;50mg/ml
fenobarbital;40mg/mL
fenobarbital;50mg
fenobarbital;100mg
fenofibrato;250mg
fenofibrato;200mg
fenofibrato;160mg
fenoterol (bromidrato);5,0 mg/mL
fenoterol (bromidrato);2mg/ml (100mcg/dose)
fenoterol (bromidrato);4mg/ml (200mcg/dose)
fentanila;2,1mg
fentanila;4,2mg
fentanila;8,4mg
fentanila;16,8mg
fentanila (citrato);0,05mg/mL
fentanila (citrato);0,05mg/mL
fenticonazol (nitrato);0,02g/g
fenticonazol (nitrato);600mg
fenticonazol (nitrato);20mg/ml
fenticonazol (nitrato);0,02g/g
fexofenadina (cloridrato);60mg
fexofenadina (cloridrato);120mg
fexofenadina (cloridrato);180mg
fexofenadina (cloridrato);6mg/mL
finasterida;5mg
finasterida;1mg
finerenona;10mg
finerenona;20mg
fingolimode (cloridrato);0,5mg
fluconazol;2mg/mL
fluconazol;100mg
fluconazol;150mg
fludarabina(fosfato);50mg
flumazenil;0,1mg/mL
flunitrazepam;1mg
fluormetolona (acetato);1 mg/ mL
fluoruracila;50mg/mL
fluoxetina;20mg/mL
fluoxetina;20mg
fluoxetina (cloridrato);20mg
flurbiprofeno;8,75mg
flurbiprofeno;40mg
flutamida;250mg
fluticasona (furoato);27,5mcg/dose
fluticasona (proprionato);50mcg/dose
fluticasona (proprionato);50mcg/dose
fluticasona (proprionato);250mcg/dose
fluticasona (proprionato);50mcg/dose
fluvoxamina (maleato);50mg
fluvoxamina (maleato);100mg
folinato de calcio;10mg/mL
fosaprepitanto dimeglumina;150mg
fotemustina;50mg/mL
fulvestranto;50mg/mL
fumarato dimetila;120mg
fumarato dimetila;240mg
furosemida;10mg/mL
furosemida;40mg
fusidico, acido;20mg/g
galantamina (bromidrato);8 mg
galantamina (bromidrato);16 mg
galantamina (bromidrato);24 mg
gabapentina;300mg
gabapentina;400mg
gabapentina;600mg
ganciclovir sodico;500mg
ganirrelix (acetato);0,5mg/ml
gatifloxacino;3 mg/mL
gatifloxacino;5 mg/mL
Gefitinibe;250 mg
gemifloxacino (mesilato);320 mg
gencitabina (cloridrato);200mg/5mL
gencitabina (cloridrato);1g/25 mL
genfibrozila;600 mg
genfibrozila;900 mg
gentamicina (sulfato);40 mg/mL
glatiramer (acetato);20 mg/mL
glatiramer (acetato);40 mg/mL
glibenclamina;5,0 mg
gliclazida;30 mg
gliclazida;60 mg
glimepirida;1 mg
glimepirida;2 mg
glimepirida;3 mg
glimepirida;4 mg
glimepirida;6 mg
glipizida;5 mg
gliteritinibe (hemifumarato);40 mg
gosserrelina (acetato);3,6 mg
gosserrelina (acetato);10,8 mg
granisetrona (cloridrato);1 mg/mL
granisetrona (cloridrato);0,06 mg/mL
griseofulvina;500 mg
guaifenesina;13,3mg/ml
guaifenesina;6,667mg/mL
haloperidol;2mg/mL
haloperidol;1mg
haloperidol;5mg
haloperidol;5mg/mL
haloperidol (decanoato);50 mg/mL
hidralazina (cloridrato);25mg
hidralazina (cloridrato);50mg
hidroclorotiazida;25mg
hidroclorotiazida;50mg
hidrocortisona (succinato sodico);100mg
hidrocortisona (succinato sodico);500mg
hidroxicloroquina (sulfato);400mg
hidroxizina (dicloridrato);2mg/ml
hidroxizina (dicloridrato);25mg
ibandronato de sodio;150mg
ibrutinibe;140 mg
ibrutinibe;140 mg
ibrutinibe;420 mg
ibrutinibe;560 mg
ibuprofeno;200mg
ibuprofeno;400 mg
ibuprofeno;600mg
ibuprofeno;30mg/mL
ibuprofeno;50mg/mL
ibuprofeno;100mg/mL
ibuprofeno;200mg/mL
ibuprofeno;300mg
ibuprofeno;600mg
ibuprofeno;600mg
ibuprofeno arginina;1155mg
ibuprofeno arginina;770mg
ibuprofeno (levolisinato);10mg/ml
icatibanto (acetato);10mg/mL
ifosfamida;40mg/ml
imatinib (mesilato);100mg
imatinib (mesilato);400mg
imiquimode;50mg/g
imipramina (cloridrato);25mg
indacaterol (maleato);150mcg
indacaterol (maleato);300mcg
indapamida;2,5mg
indapamida;1,5mg
indometacina;25mg
indometacina;50mg
ingenol (mebutato);150µg/g
ingenol (mebutato);500µg/g
ipratropio (brometo);0,25mg/mL
ipratropio (brometo);20 mcg/dose
irinotecano (cloridrato tri-hidratado);20mg/mL
isavuconazonio (sulfato);100mg
isavuconazonio (sulfato);200mg
isoconazol (nitrato);10mg/g
isoconazol (nitrato);600mg
isoconazol (nitrato);10mg/g
isoconazol (nitrato);10mg/mL
isoflurano;1ml/mL
isoniazida;100mg
isotretinoina;10mg
isotretinoina;0,5mg/g
isotretinoina;0,5mg/g
isotretinoina;20mg
itraconazol;100mg
ivabradina (cloridrato);5mg
ivabradina (cloridrato);7,5mg
ivermectina;6mg
ivermectina;10mg/g
ixazomibe (citrato);2,3 mg
ixazomibe (citrato);3 mg
ixazomibe (citrato);4 mg
lacidipino;4mg
lacosamida;50mg
lacosamida;100mg
lacosamida;150mg
lacosamida;200mg
lacosamida;10mg/ml
lacosamida;10mg/ml
lamivudina;150mg
lamivudina;10mg/mL
lamotrigina;25mg
lamotrigina;50mg
lamotrigina;100mg
lamotrigina;5mg
lamotrigina;25mg
lamotrigina;50mg
lamotrigina;100mg
lamotrigina;200mg
lanreotida (acetato);60mg/0,5mL
lanreotida (acetato);90mg/0,5mL
lanreotida (acetato);120mg/0,5mL
lansoprazol;15mg
lansoprazol;30mg
lapatinibe (ditosilato);250mg
latanoprosta;50mcg/mL
latanoprosteno bunode;0,24mg/mL
leflunomida;20mg
leflunomida;100mg
lenalidomida;2,5mg
lenalidomida;5mg
lenalidomida;10mg
lenalidomida;15mg
lenalidomida;20mg
lenalidomida;25mg
lenvatinibe (mesilato);4mg
lenvatinibe (mesilato);10mg
lercanidipino (cloridrato);10mg
lercanidipino (cloridrato);20mg
letermovir;240mg
letermovir;480mg
letrozol;2,5mg
leuprorrelina (acetato);7,5mg
leuprorrelina (acetato);22,5mg
leuprorrelina (acetato);45mg
levamisol (cloridrato);80mg
levamisol (cloridrato);150mg
levanlodipino (besiltato);2,5mg
levanlodipino (besiltato);5mg
levetiracetam;500 mg
levetiracetam;1000 mg
levetiracetam;250mg
levetiracetam;100mg/mL
levetiracetam;750mg
levetiracetam;500mg
levetiracetam;750mg
levetiracetam;100 mg/mL
levocetirizina (dicloridrato);5mg/ml
levocetirizina (dicloridrato);5mg
levodropropizina;6mg/mL
levodropropizina;30mg/mL
levofloxacino (hemiidratado);500mg
levofloxacino (hemiidratado);5mg/ml
levofloxacino (hemiidratado);250mg
levofloxacino (hemiidratado);750mg
levomalato de cabozantinibe;20mg
levomalato de cabozantinibe;40mg
levomalato de cabozantinibe;60mg
levomepromazina (cloridrato);40mg/ml
levomepromazina (cloridrato);5mg/ml
levomepromazina (maleato);25mg
levomepromazina (maleato);100mg
levonorgestrel;0,75mg
levonorgestrel;1,5mg
levonorgestrel;52mg
levosimendana;2,5mg/ml
levotiroxina sodica;38mcg
levotiroxina sodica;25mcg
levotiroxina sodica;50mcg
levotiroxina sodica;75mcg
levotiroxina sodica;88mcg
levotiroxina sodica;100mcg
levotiroxina sodica;112mcg
levotiroxina sodica;125mcg
levotiroxina sodica;150mcg
levotiroxina sodica;175mcg
levotiroxina sodica;200mcg
levotiroxina sodica;300mcg
levotiroxina sodica;12,5mcg
levotiroxina sodica;37,5mcg
levotiroxina sodica;62,5mcg
levotiroxina sodica;137mg
lidocaina;700mg
lidocaina (cloridrato);20mg/mL
lidocaina (cloridrato);10mg/ml
lidocaina (cloridrato);20mg/mL
lidocaina base;40mg/g
lidocaina base;100mg/ml
lidocaina base;50mg/g
limeciclina;150mg
limeciclina;300mg
linagliptina;5 mg
linezolida;600 mg
linezolida;2 mg/mL
lisdexanfetamina (dimesilato);30 mg
lisdexanfetamina (dimesilato);50 mg
lisdexanfetamina (dimesilato);70 mg
lisdexanfetamina (dimesilato);40mg/mL
lisinopril;10 mg
lisinopril;20 mg
litio (carbonato);300 mg
litio (carbonato);450 mg
lodenafila (carbonato);80 mg
loperamida (cloridrato);2 mg
losartana potassica;25 mg
loratadina;10 mg
loratadina;1 mg/mL
lorazepam;1 mg
lorazepam;2 mg
lorlatinibe;25 mg
lorlatinibe;100 mg
lornoxicam;8 mg
losartana potassica;50 mg
losartana potassica;100 mg
loteprednol (etabonato);5 mg/ml
loxoprofeno sodico;60 mg
loxoprofeno sodico;100mg
lurasidona (cloridrato);20mg
lurasidona (cloridrato);40mg
lurasidona (cloridrato);80mg
manidipino (dicloridrato);10mg
manidipino (dicloridrato);20mg
maraviroque;150mg
maraviroque;300mg
mebendazol;20mg/mL
mebeverina (cloridrato);200mg
meclozina (cloridrato);25mg
meclozina (cloridrato);50mg
meclozina (dicloridrato);25mg
meclozina (dicloridrato);50mg
medroxiprogesterona (acetato);150mg/mL
medroxiprogesterona (acetato);2,5mg
medroxiprogesterona (acetato);5mg
medroxiprogesterona (acetato);10mg
mefenamico, acido;500mg
megestrol (acetato);160 mg
meglumina (antimoniato);300mg/mL
melfalana;2 mg
melfalana;50mg/10mL
meloxicam;15mg
meloxicam;7,5mg
meloxicam;10mg/ml
memantina (cloridrato);10mg/mL
memantina (cloridrato);10mg
memantina (cloridrato);20mg
memantina (cloridrato);5mg
memantina (cloridrato);10mg
mepivacaina (cloridrato);30mg/mL
mercaptopurina;50mg
meropenem triidratado;2g
meropenem triidratado;500mg/10mL
meropenem triidratado;1000mg/20mL
mesalazina;500mg
mesalazina;250mg
mesalazina;800mg
mesalazina;1200mg
mesalazina;400mg
mesalazina;1000mg
mesalazina;500mg
mesalazina;1g
mesalazina;2g
mesalazina;10mg/mL
mesna;100mg/mL
metadona (cloridrato);10mg/mL
metadona (cloridrato);5mg
metadona (cloridrato);10mg
metformina (cloridrato);500mg
metformina (cloridrato);850mg
metformina (cloridrato);1000mg
metformina (cloridrato);500mg
metformina (cloridrato);750mg
metformina (cloridrato);850mg
metformina (cloridrato);1000mg
metildopa;250mg
metildopa;500mg
metilergometrina (maleato);0,2mg/mL
metilfenidato (cloridrato);18mg
metilfenidato (cloridrato);36mg
metilfenidato (cloridrato);54mg
metilfenidato (cloridrato);10mg
metilfenidato (cloridrato);10mg
metilfenidato (cloridrato);20mg
metilfenidato (cloridrato);30mg
metilfenidato (cloridrato);40mg
metilprednisolona (aceponato);1mg/g
metilprednisolona (aceponato);1mg/g
metilprednisolona (aceponato);1mg/g
metilprednisolona (acetato);40mg/mL
metoclopramida (cloridrato);5mg/ml
metoclopramida (cloridrato);4mg/ml
metoclopramida (cloridrato);10mg
metoprolol (succinato);25mg
metoprolol (succinato);50mg
metoprolol (succinato);100mg
metoprolol (succinato);25mg
metoprolol (succinato);50mg
metoprolol (succinato);100mg
metoprolol (tartarato);100mg
metoprolol (tartarato);1mg/mL
metotrexato;25mg/mL
metotrexato;100mg/mL
metronidazol;250mg
metronidazol;400mg
metronidazol;5mg/mL
metronidazol;100mg/g
metronidazol;7,5mg/g
micafungina sodica;100mg
micafungina sodica;50mg
micofenolato sodico;180mg
micofenolato sodico;360mg
miconazol;20mg/ml
miconazol (nitrato);20mg/ml
miconazol (nitrato);20mg/g
miconazol (nitrato);20mg/ml
midazolam;1mg/mL
midazolam;5mg/mL
midazolam (maleato);7,5mg
midazolam (maleato);15mg
midostaurina;25mg
miglustate;100mg
milrinona (lactato);1mg/mL
minociclina (cloridrato);100mg
minoxidil;50 mg/mL
mirabegrona;25 mg
mirabegrona;50 mg
mirtazapina;30mg
mirtazapina;45mg
mirtazapina;15mg
mirtazapina;30mg
mirtazapina;45mg
misoprostol;100mcg
mitotano;500mg
mitoxantrona;2mg/ml
modafinila;100mg
modafinila;200mg
mofetila (micofenolato);500mg
mometasona (furoato);0,5mg/g
mometasona (furoato);200mcg
mometasona (furoato);400mcg
monoetanolamina (oleato);50mg/mL
montelucaste sodico;4mg
montelucaste sodico;10mg
montelucaste sodico;4mg
montelucaste sodico;5mg
morfina (sulfato pentahidratado);10mg/mL
morfina (sulfato pentahidratado);10mg/mL
morfina (sulfato pentahidratado);0,1mg/mL
morfina (sulfato pentahidratado);0,2mg/mL
morfina (sulfato pentahidratado);1mg/mL
morfina (sulfato pentahidratado);10mg
morfina (sulfato pentahidratado);30mg
morfina (sulfato pentahidratado);30mg
morfina (sulfato pentahidratado);60mg
morfina (sulfato pentahidratado);100mg
moxifloxacino (cloridrato);400mg
moxifloxacino (cloridrato);1,6mg/mL
moxifloxacino (cloridrato);5mg/mL
mupirocina;20mg/g
nafazolina (cloridrato);0,5mg
nalbufina (cloridrato);10mg/mL
naloxona (cloridrato);0,4mg/mL
naltrexona (cloridrato);50 mg
nandrolona (decanoato);50 mg/mL
naproxeno;250mg
naproxeno;500mg
naproxeno sodico;275mg
naproxeno sodico;550mg
naproxeno sodico;660mg
naratriptana (cloridrato);2,5 mg
nebivolol (cloridrato);5mg
neostigmina (metilsulfato);0,5mg/mL
nepafenaco;1mg/ml
nevirapina;200mg
nicotina;2mg
nicotina;4mg
nicotina;7mg
nicotina;14mg
nicotina;21mg
nicotina;2mg
nicotina;4mg
nilotinibe;200mg
nilotinibe;150mg
nimesulida;200 mg
nimesulida;100mg
nimesulida;100mg
nimesulida;50mg/mL
nimesulida;10mg/mL
nimesulida;20mg/g
nimesulida betaciclodextrina;400mg
nistatina;100.000UI/ml
nistatina;25.000 UI
nitazoxanida;500mg
nitazoxanida;20mg/mL
nitrofural;2mg/g
nitrofural;2mg/mL
nitrofurantoina;100mg
nitroglicerina;5mg/mL
nitroprusseto sodico diidratado;50mg
norepinefrina (hemitartarato);2mg/mL
noretisterona;0,35mg
norfloxacino;400mg
nortriptilina (cloridrato);10mg
nortriptilina (cloridrato);25mg
nortriptilina (cloridrato);50mg
nortriptilina (cloridrato);75mg
nusinersena;2,4/mgL
ocitocina;40UI/mL
ocitocina;5UI/mL
octreotida;0,05mg/mL
octreotida;0,1mg/mL
octreotida;0,5mg/mL
octreotida (acetato);10mg/2mL
octreotida (acetato);20mg/2mL
octreotida (acetato);30mg/2mL
ofloxacino;3mg/mL
olanzapina;2,5mg
olanzapina;5mg
olanzapina;10mg
olanzapina;5mg
olanzapina;10mg
olaparibe;100mg
olaparibe;150mg
olmesartana medoxomila;20mg
olmesartana medoxomila;40mg
olmesartana medoxomila;20mg
olmesartana medoxomila;40mg
olodaterol (cloridratro);2,5mcg
olopatadina (cloridrato);1mg/mL
olopatadina (cloridrato);2mg/mL
omeprazol;20mg
omeprazol;40mg
omeprazol (sodico);40mg/ml
omeprazol magnesico;10mg
omeprazol magnesico;20mg
omeprazol magnesico;40mg
ondansetrona;4mg
ondansetrona;8mg
ondansetrona;4mg
ondansetrona;8mg
ondansetrona (cloridrato);4mg
ondansetrona (cloridrato);8mg
ondansetrona (cloridrato);4mg
ondansetrona (cloridrato);8mg
ondansetrona (cloridrato);2mg/mL
ondansetrona (cloridrato);0,8 mg/mL
orlistate;120mg
oseltamivir (fosfato);30mg
oseltamivir (fosfato);45mg
oseltamivir (fosfato);75mg
osimertinibe (mesilato);40mg
osimertinibe (mesilato);80mg
oxacilina sodica;500mg
oxaliplatina;50mg
oxaliplatina;100mg
oxaliplatina;5,0 mg/mL
oxamniquina;250mg
oxamniquina;50mg/mL
oxcarbazepina;300mg
oxcarbazepina;600mg
oxcarbazepina;60mg/mL
oxibutinina (cloridrato);1mg/mL
oxibutinina (cloridrato);5,0mg
oxibutinina (cloridrato);5mg
oxibutinina (cloridrato);10mg
oxicodona (cloridrato);10mg
oxicodona (cloridrato);20mg
oxicodona (cloridrato);40mg
oxiconazol (nitrato);10mg/g
oxiconazol (nitrato);10mg/g
oximetazolina (cloridrato);0,25 g/ml
oximetazolina (cloridrato);0,50 mg/ml
paclitaxel;6mg/mL
paclitaxel (ligado a albumina);100mg
palbociclibe;75 mg
palbociclibe;100 mg
palbociclibe;125 mg
paliperidona;3mg
paliperidona;6mg
paliperidona;9mg
paliperidona (palmitato);100mg/mL
paliperidona (palmitato);200mg/mL
palonosetrona (cloridrato);0,05mg/mL
pamidronato dissodico;60mg/10mL
pamidronato dissodico;90 mg/10mL
pantoprazol magnesico;40 mg
pantoprazol sodico;40mg
pantoprazol sodico;20mg
pantoprazol sodico;40mg
paracetamol;140 mg/ml
paracetamol;500 mg
paracetamol;160 mg
paracetamol;500 mg
paracetamol;750 mg
paracetamol;650 mg
paracetamol;32 mg/mL
paracetamol;500 mg
paracetamol;500mg
paracetamol;10 mg/mL
parecoxibe sodico;40 mg
paricalcitol;5 mcg/ml
paroxetina (cloridrato);20mg
paroxetina (cloridrato);10mg
paroxetina (cloridrato);30mg
paroxetina (cloridrato);12,5mg
paroxetina (cloridrato);25mg
paroxetina (cloridrato);15mg
paroxetina (cloridrato);25mg
paroxetina (cloridrato);40mg
pasireotida (diaspartato);0,6mg/ml
pasireotida (diaspartato);0,9mg/ml
pasireotida (pamoato);10mg
pasireotida (pamoato);20mg
pasireotida (pamoato);30mg
pasireotida (pamoato);40mg
pasireotida (pamoato);60mg
pazopanibe (cloridrato);200mg
pazopanibe (cloridrato);400mg
pemetrexede dissodico heptaidratado;100mg
pemetrexede dissodico heptaidratado;500mg
pentoxifilina;400 mg
perampanel;2mg
perampanel;4mg
perampanel;6mg
perampanel;8mg
periciazina;10mg/ml
periciazina;40mg/mL
periciazina;10mg
perindopril erbumina;4mg
perindopril erbumina;8mg
perindorpil arginina;5mg
perindorpil arginina;10mg
picossulfato sodico monoidratado;7,5mg
pilocarpina (cloridrato);10mg/ml
pilocarpina (cloridrato);20mg/ml
pilocarpina (cloridrato);40mg/ml
pimecrolimo;10mg/g
pinaverio (brometo);50mg
pinaverio (brometo);100 mg
pioglitazona (cloridrato);15mg
pioglitazona (cloridrato);30mg
pioglitazona (cloridrato);45mg
piracetam;200mg/mL
piracetam;800mg
pirfenidona;267mg
piroxicam;20mg
piroxicam;20mg
pitavastatina;2mg
pitavastatina;4mg
plerixafor;20mg/mL
policresuleno;18mg/g
policresuleno;360mg/mL
poliestirenossulfonato de calcio;900mg/g
pomalidomida;1mg
pomalidomida;2mg
pomalidomida;3mg
pomalidomida;4mg
polimixina b (sulfato);500.000UI
polimixina b (sulfato);1.000.000UI
polimixina b (sulfato);1.500.000UI
ponatinibe (cloridrato);15mg
pramipexol (dicloridrato);0,125mg
pramipexol (dicloridrato);0,25mg
pramipexol (dicloridrato);1mg
pramipexol (dicloridrato);0,375mg
pramipexol (dicloridrato);0,750mg
pramipexol (dicloridrato);1,5mg
prasugrel (cloridrato);5mg
prasugrel (cloridrato);10mg
pravastatina sodica;10mg
pravastatina sodica;20mg
pravastatina sodica;40mg
prazosina (cloridrato);1mg
prazosina (cloridrato);2mg
prazosina (cloridrato);4mg
prednisolona;11mg/mL
prednisolona;40mg
prednisolona;10mg
prednisolona;5mg
prednisolona;20mg
prednisolona;3mg/mL
prednisolona (acetato);10mg/mL
prednisolona (acetato);1,2mg/mL
prednisolona (fosfato sodico);1mg/mL
prednisona;5mg
prednisona;20mg
pregabalina;75mg
pregabalina;150mg
pregabalina;25mg/mL
pregabalina;35mg
pregabalina;25mg
pregabalina;75mg
pregabalina;150mg
pregabalina;50mg
pregabalina;100mg
primaquina (difosfato);5mg
primaquina (difosfato);15mg
progesterona;80mg/g
progesterona;100mg
progesterona;200mg
promestrieno;10mg/g
promestrieno;10mg
prometazina;20 mg/g
prometazina (cloridrato);25mg
prometazina (cloridrato);25mg/mL
propafenona (cloridrato);300 mg
propafenona (cloridrato);150mg
propatilnitrato;10mg
propiltiouracila;100 mg
propofol;10mg/mL
propofol;20mg/mL
propranolol (cloridrato);40mg
propranolol (cloridrato);80mg
proprionato de halobetasol;0,5mg/g
prucaloprida;1mg
prucaloprida;2 mg
quetiapina (hemifumarato);25mg
quetiapina (hemifumarato);100mg
quetiapina (hemifumarato);200mg
quetiapina (hemifumarato);300mg
quetiapina (hemifumarato);50mg
quetiapina (hemifumarato);200mg
quetiapina (hemifumarato);300mg
rabeprazol sodico;10mg
rabeprazol sodico;20mg
racecadotrila;100mg
racecadotrila;10mg
racecadotrila;30mg
raloxifeno (cloridrato);60mg
raltegravir potassico;400mg
ramelteona;8mg
ramipril;2,5mg
ramipril;5mg
ramipril;10mg
ranelato de estroncio;2g/30mL
ranitidina (cloridrato);40mg/mL
ranolazina;500mg
ranolazina;1000mg
rasagilina (mesilato);1mg
regorafenibe;40mg
remifentanila (cloridrato);1,0 mg
remifentanila (cloridrato);2,0mg
remifentanila (cloridrato);5,0 mg
rendesivir;100mg
repaglinida;0,5 mg
repaglinida;1 mg
repaglinida;2 mg
ribociclibe (succinato);200mg
rifamicina sv sodica;10mg/mL
rifampicina;20mg/ml
rifampicina;300mg
rifaximina;550mg
risedronato sodico;150mg
risedronato sodico;35mg
risperidona;1 mg/mL
risperidona;500 µg
risperidona;1 mg
risperidona;2 mg
risperidona;3 mg
ritonavir;100mg
rivaroxabana;2,5mg
rivaroxabana;10mg
rivaroxabana;15mg
rivaroxabana;20mg
rivastigmina;9,0mg (4,6mg/24h)
rivastigmina;18mg (9,5mg/24h)
rivastigmina;27mg (13,3mg/24h)
rivastigmina (hemitartarato);2 mg/mL
rivastigmina (hemitartarato);1,5mg
rivastigmina (hemitartarato);3,0mg
rivastigmina (hemitartarato);4,5mg
rivastigmina (hemitartarato);6,0mg
rizatriptano (benzoato);10mg
rocuronio (brometo);10mg/mL
roflumilaste;500mcg
ropivacaina (cloridrato);2,0mg/mL
ropivacaina (cloridrato);7,5mg/mL
ropivacaina (cloridrato);10mg/mL
ropivacaina (cloridrato);2mg/mL
rosuvastatina calcica;5,0mg
rosuvastatina calcica;10,0mg
rosuvastatina calcica;20mg
rosuvastatina calcica;40mg
rotigotina;4,5mg
rotigotina;9mg
rotigotina;13,5mg
rotigotina;18mg
rupatadina (fumarato);10 mg
ruxolitinibe (fosfato);5mg
ruxolitinibe (fosfato);10mg
ruxolitinibe (fosfato);15mg
ruxolitinibe (fosfato);20mg
sacubitril valsartana sodica hidratada;50mg
sacubitril valsartana sodica hidratada;100mg
sacubitril valsartana sodica hidratada;200mg
safinamida (mesilato);50mg
safinamida (mesilato);100mg
salbutamol (sulfato);5mg/ml
salbutamol (sulfato);100 µg/dose
sapropterina (dicloridrato);100mg
saquinavir;200mg
saxagliptina (cloridrato);5mg
saxagliptina (cloridrato);2,5mg
secnidazol;1000mg
secnidazol;500mg
selumetinibe (sulfato);10mg
selumetinibe (sulfato);25mg
sertralina (cloridrato);25 mg
sertralina (cloridrato);75mg
sertralina (cloridrato);50mg
sertralina (cloridrato);100mg
sevelamer (cloridrato);800mg
sevoflurano;1mL/mL
sibutramina (cloridrato);10mg
sibutramina (cloridrato);15mg
sildenafil (citrato);20mg
sildenafil (citrato);25mg
sildenafil (citrato);50mg
sildenafil (citrato);100mg
simeticona;150mg/mL
simeticona;80mg
simeticona;150mg
sinvastatina;10mg
sinvastatina;40mg
sinvastatina;20mg
sirolimo;1mg
sirolimo;2mg
sitagliptina (fosfato);25mg
sitagliptina (fosfato);50mg
sitagliptina (fosfato);100mg
sofosbuvir;400 mg
solifenacina (succinato);5mg
solifenacina (succinato);10mg
somatostatina;3mg/1mL
sorafenibe (tosilato);200mg
sotalol (cloridrato);120mg
sotalol (cloridrato);160mg
succinato de sumatriptana;25mg
succinato sodico de metilprednisolona;500mg/8ml
succinato sodico de metilprednisolona;125mg/2ml
sufentanila (citrato);5mcg/mL
sufentanila (citrato);50mcg/mL
sugamadex sodico;100mg/mL
sulfadiazina de prata;10mg/g
sulpirida;200mg
sulpirida;50mg
sumatripano (succinato);50mg
sumatripano (succinato);100mg
sumatripano (succinato);6mg/ml
sunitinibe (malato);12,5mg
sunitinibe (malato);25mg
sunitinibe (malato);50mg
suxametonio (cloreto);100mg
suxametonio (cloreto);500mg
tacrolimo;1mg
tacrolimo;5mg
tacrolimo;5mg/mL
tacrolimo;0,3mg/g
tacrolimo;1mg/g
tadalafila;5mg
tadalafila;20mg
tafamidis meglumina;20mg
tafenoquina (succinato);150mg
tafluprosta;15mcg/mL
tamoxifeno (citrato);20 mg
tansulosina (cloridrato);0,40mg
tansulosina (cloridrato);0,4mg
tapentadol (cloridrato);50mg
tapentadol (cloridrato);100mg
tapentadol (cloridrato);150mg
tapentadol (cloridrato);200mg
tapentadol (cloridrato);250mg
tegaserode (maleato);6mg
teicoplanina;200mg/3mL (66,66mg/mL)
teicoplanina;400mg/3mL (133,33mg/mL)
telmisartana;40mg
telmisartana;80mg
temozolomida;5mg
temozolomida;20mg
temozolomida;100mg
temozolomida;140mg
temozolomida;180mg
temozolomida;250mg
temozolomida;100 mg
tenofovir alafenamida (hemifumarato);25mg
tenofovir desoproxila (fumarato);300mg
tenoxicam;40mg
tenoxicam;20mg
tenoxicam;20mg
teofilina;100mg
teofilina;200mg
teofilina;300mg
terazosina (cloridrato);5mg
terbutalina (sulfato);0,30 mg/mL
terbutalina (sulfato);0,5mg/mL
teriflunomida;14 mg
terlipressina (acetato);1mg/5mL
terlipressina (acetato);0,12mg/mL
testosterona;10mg/g
testosterona;16,2mg/g
testosterona (cipionato);100mg/mL
tetraciclina (cloridrato);500 mg
tibolona;1,25mg
tibolona;2,5mg
ticagrelor;90mg
ticlopidina (cloridrato);250mg
tigeciclina;50mg
timolol (maleato);5mg/ml
timolol (maleato);5mg/mL
tiocolchicosideo;4 mg
tiocolchicosideo;2 mg/mL
tioguanina;40mg
tiopental sodico;500mg
tiopental sodico;1g
tioridazina (cloridrato);10mg
tioridazina (cloridrato);25 mg
tioridazina (cloridrato);50mg
tioridazina (cloridrato);100mg
tioridazina (cloridrato);200mg
tiotropio (brometo) monohidratado;2,5mcg/dose
tirofibana (cloridrato);0,25mg/ml
tizanidina (cloridrato);2mg
tobramicina;75mg/ml
tobramicina;3mg/mL
tobramicina;3mg/g
tobramicina;28mcg/dose
tofacitinibe (citrato);5mg
tofacitinibe (citrato);10mg
tolterodina (tartarato);4,0 mg
topiramato;25mg
topiramato;50mg
topiramato;100mg
tramadol (cloridrato);100mg/mL
tramadol (cloridrato);50mg
tramadol (cloridrato);50mg/mL
tramadol (cloridrato);50mg
tramadol (cloridrato);100mg
trametinibe (dimetilsulfoxido);0,5mg
trametinibe (dimetilsulfoxido);2mg
tranexamico, acido;50mg/mL
travoprosta;0,04mg/mL
trazodona (cloridrato);50mg
trazodona (cloridrato);100mg
trazodona (cloridrato);150mg/12h
trazodona (cloridrato);150mg/24h
trazodona (cloridrato);300mg/24h
tretinoina;10mg
tretinoina;0,25mg/g
tretinoina;0,25mg/g
tretinoina;0,5mg/g
tretinoina;1mg/g
triancinolona acetonida;550 µg/mL
triancinolona acetonida;1mg/g
trimebutina (maleato);200mg
trimetazidina ( dicloridrato);35 mg
trimetazidina ( dicloridrato);80mg
trioxido de arsenio;2mg/mL
triptorrelina(acetato);0,1mg/ml
triptorrelina(acetato);3,75mg
triptorrelina(embonato);3,75mg/2mL
triptorrelina(embonato);11,25mg
triptorrelina(embonato);22,5mg
trometamol (fosfomicina);3g
trometamol cetorolaco (cetorolaco trometamina);4,0 mg/mL
trometamol cetorolaco (cetorolaco trometamina);5,0 mg/mL
trometamol cetorolaco (cetorolaco trometamina);30mg/mL
trometamol cetorolaco (cetorolaco trometamina);10mg
trometamol cetorolaco (cetorolaco trometamina);20mg/mL
tropicamica;10mg/mL
trospio (cloreto);30mg
undecilato de testosterona;250mg/ml
upadacitinibe hemi-hidratado;15mg
ureia;100 mg/g
ureia;100 mg/mL
ureia;200 mg/g
valaciclovir (cloridrato);500mg
valerato de estradiol;2mg
valerato de estradiol;1mg
valganciclovir (cloridrato);450mg
valproato de sodio;50mg/mL
valproato de sodio;300mg
valproato de sodio;500 mg
valsartana;40mg
valsartana;80mg
valsartana;160mg
valsartana;320mg
vancomicina (cloridrato);500mg
vancomicina (cloridrato);1000mg
vandetanibe;100mg
vandetanibe;300mg
vardenafil (cloridrato);5mg
vardenafil (cloridrato);10mg
vardenafil (cloridrato);20mg
varfarina sodica;1mg
varfarina sodica;2mg
varfarina sodica;2,5mg
varfarina sodica;5mg
varfarina sodica;7,5mg
varfarina sodica;10 mg
vasopressina sintetica;20 U/ML
vecuronio (brometo);4mg/mL
vecuronio (brometo);10mg
vemurafenibe;240mg
venetoclax;10mg
venetoclax;50mg
venetoclax;100mg
venlafaxina (cloridrato);37,5mg
venlafaxina (cloridrato);75mg
venlafaxina (cloridrato);150mg
venlafaxina (cloridrato);37,5mg
venlafaxina (cloridrato);75mg
venlafaxina (cloridrato);150mg
venlafaxina (cloridrato);37,5mg
venlafaxina (cloridrato);75mg
verapamil (cloridrato);120mg
verapamil (cloridrato);240mg
verapamil (cloridrato);80mg
vigabatrina;500mg
vilazodona (cloridrato);10mg
vilazodona (cloridrato);20mg
vilazodona (cloridrato);40mg
vildagliptina;50mg
vimblastina (sulfato);1mg/1mL
vimblastina (sulfato);10mg
viminol (hidroxibenzoato);70mg
vimpocetina;5mg
vinorelbina (tartarato);20mg
vinorelbina (tartarato);30mg
vismodegibe;150mg
vonoprazana (fumarato);10mg
vonoprazana (fumarato);20mg
voriconazol;200mg
voriconazol;200mg
vortioxetina (Bromidrato);5mg
vortioxetina (Bromidrato);10mg
vortioxetina (Bromidrato);15mg
vortioxetina (Bromidrato);20mg
xilometazolina (cloridrato);1mg/mL
zidovudina;100 mg
ziprasidona (cloridrato monoidratado);40 mg
ziprasidona (cloridrato monoidratado);80 mg
zirconio (ciclossilicato sodico);5 g
zoledronico, acido;4mg/5mL
zoledronico, acido;0,05mg/ml
zoledronico, acido;4mg/5ml
zoledronico, acido;4mg/100ml
zolmitriptana;2,5 mg
zolmitriptana;2,5 mg
zolpidem (hemitartarato);5 mg
zolpidem (hemitartarato);5 mg
zolpidem (hemitartarato);10 mg
zolpidem (hemitartarato);10 mg
zolpidem (hemitartarato);6,25 mg
zolpidem (hemitartarato);12,5 mg
zopiclona;7,5 mg
acetato de betametasona + fosfato dissodico de;3mg/mL + 3,945mg/mL
betametasona;
acetato de ciproterona + etinilestradiol;2mg + 0,035mg
acetato de clormadinona + etinilestradiol;2mg + 0,03mg
acetato de clormadinona + etinilestradiol;2mg + 0,02mg
acetato de nomegestrol + estradiol hemihidratado;2,5mg + 1,5mg
acetato de noretisterona + estradiol hemihidratado;0,5mg + 1mg
acetato de noretisterona + etinilestradiol;2mg + 0,01mg
acido acetilsalicilico + acido ascorbico;400mg + 240mg
acido acetilsalicilico + cafeina;500mg + 30 mg
acido borico + acido salicilico + enxofre + oxido de;3g + 0,352g + 17,602g + 11,735g
zinco;
acido fusidico + valerato de betametasona;20mg/g + 1mg/g
adapaleno + fosfato de clindamicina;1mg/g + 10mg/g
adapaleno + fosfato de clindamicina;1mg/g + 10mg/g
adapaleno + peroxido de benzoila;1mg/g+ 25mg/g
adapaleno + peroxido de benzoila;3mg/g+ 25mg/g
alendronato de sodio + carbonato de calcio +;70mg + (500 + 2)mg
colecalciferol;
alendronato de sodio + colecalciferol;70mg (ác. alendrônico)/ 5600UI
algestona acetofenida + enantato de estradiol;150mg/ml + 10mg/ml
alginato de sodio + bicarbonato de potassio;100 mg/ml + 20 mg/ml
amilorida (cloridrato) + hidroclorotiazida;2,5mg + 25mg
amilorida (cloridrato) + hidroclorotiazida;5mg + 50mg
amoxicilina tri-hidratada + claritromicina +;500mg + 500mg + 20mg
esomeprazol magnesico tri-hidratado;
amoxicilina + clavulanato de potassio;50mg/mL + 12,5mg/mL
amoxicilina + clavulanato de potassio;500 mg + 125 mg
amoxicilina + clavulanato de potassio;40 mg/mL + 5,7 mg/mL
amoxicilina + clavulanato de potassio;80 mg/mL + 11,4 mg/mL
amoxicilina + clavulanato de potassio;875 mg + 125 mg
amoxicilina + clavulanato de potassio;120 mg/mL + 8,58 mg/mL
amoxicilina + clavulanato de potassio;1000mg + 200mg
amoxicilina + clavulanato de potassio;500mg + 100 mg
amoxicilina + sulbactam sodico;1000mg + 500mg
amoxicilina + sulbactam sodico;500mg + 250mg
amoxicilina tri-hidratada + sulbactam pivoxila;200mg/mL + 50mg/mL
amoxicilina tri-hidratada + sulbactam pivoxila;875 mg + 125 mg
ampicilina sodica + sulbactam sodico;1g + 0,5g
ampicilina sodica + sulbactam sodico;2g + 1g
artemeter + lumefantrina;20mg + 120mg
artesunato + cloridrato de mefloquina;100mg + 220mg
artesunato + cloridrato de mefloquina;25mg + 55mg
atenolol + clortalidona;100mg + 25mg
atenolol + clortalidona;50mg + 12,5mg
atenolol + clortalidona;25mg + 12,5mg
azelastina (cloridrato) + fluticasona (propionato);137 µg + 50µg
benzoato de alogliptina + cloridrato de metformina;12,5mg + 850mg
benzoato de alogliptina + cloridrato de metformina;12,5mg + 1000mg
benzoato de alogliptina + cloridrato de pioglitazona;25mg + 15mg
benzoato de alogliptina + cloridrato de pioglitazona;25mg + 30mg
benzoilmetronidazol + nistatina + cloreto de;62,5 mg/g + 25.000UI/g + 1,25 mg/g
benzalconico;
besilato de anlodipino + atenolol;5,0 mg (comp rev) + 25 mg (gran)
besilato de anlodipino + atenolol;5,0 mg (comp rev) + 50 mg (gran)
besilato de anlodipino + losartana potassica;2,5mg + 50mg
besilato de anlodipino + losartana potassica;5,0mg + 50mg
besilato de anlodipino + losartana potassica;5,0mg + 100mg
betametasona + maleato de dexclorfeniramina;0,05mg/mL + 0,4mg/mL
betametasona + maleato de dexclorfeniramina;0,25mg + 2mg
Bictegravir sodico + entricitabina + hemifumarato de tenofovir alafenamida;50 mg + 200mg + 25mg
bimatoprosta + dextrotartarato de brimonidina +;0,1mg/mL + 1,5mg/mL + 6,83
maleato de timolol;mg/mL
bimatoprosta + maleato de timolol;0,3mg/ml + 5,0 mg/ml
bisacodil + docusato de sodio;5mg + 60mg
brinzolamida + tartarato de brimodina;10mg/mL + 2mg/mL
brinzolamida + maleato de timolol;10mg/mL + 5mg/mL
bromazepam + sulpirida;1mg + 25mg
brometo de tiotropio monoidratado  + cloridrato de;2,5µg + 2,5µg
olodaterol;
brometo de umeclidinio + trifenato de vilanterol;62,5µg + 25µg
butilbrometo de escopolamina + dipirona sodica mono;10mg + 250mg
hidratada;
butilbrometo de escopolamina + dipirona sodica mono;4mg/mL + 500mgmL
hidratada;
butilbrometo de escopolamina + dipirona sodica mono;6,67mg/mL + 333,4mg/mL
hidratada;
butilbrometo de escopolamina + paracetamol;10mg + 500mg
cafeina anidra + dipirona sodica + cloridrato de;30mg/mL + 300mg/mL + 50mg/mL
isometepteno;
cafeina anidra + dipirona sodica + mucato de;30mg + 300mg + 30mg
isometepteno;
calamina + difenidramina (cloridrato) + canfora;80mg/mL + 10mg/mL + 1mg/mL
candesartana cilexetila + felodipino;16mg + 2,5mg
candesartana cilexetila + felodipino;16mg + 5mg
candesartana cilexetila + hidroclorotiazida;16mg + 12,5mg
candesartana cilexetila + hidroclorotiazida;8,0mg + 12,5mg
carbidopa + levodopa;25mg + 250mg
ceftazidima pentaidratada + avibactam sodico;2000mg + 500mg
cetoconazol + dipropionato de betametasona +;20mg/g + 0,64mg/g + 2,5mg/g
sulfato de neomicina;
cetoconazol + dipropionato de betametasona +;20mg/g + 0,64mg/g + 2,5mg/g
sulfato de neomicina;
cetoprofeno + omeprazol;200mg + 20mg
cianocobalamina + cloridrato de piridoxina + nitrato de;1 mg + 50 mg + 50 mg + 50 mg
tiamina + diclofenaco sodico;
cianocobalamina + cloridrato de piridoxina + nitrato de;1 mg + 100 mg + 100 mg + 100 mg
tiamina + diclofenaco sodico;
dipirona mono-hidratada + citrato de orfenadrina +;300mg +  35mg +  50mg
cafeina anidra;
dipirona mono-hidratada + citrato de orfenadrina +;600mg +  70mg +  100mg
cafeina anidra;
citrato de orfenadrina + dipirona  mono-hidratada +;35mg/ml + 300mg/ml + 50mg/ml
cafeina anidra;
clindamicina + peroxido de benzoila;10mg/g + 50mg/g
clonixinato de lisina + cloridrato de ciclobenzaprina;125mg + 5mg
cloreto de benzalconio + cloridrato de lidocaina;1,30mg/mL + 25mg/mL
cloreto de cetilpiridinio + benzocaina;0,5mg/ml + 4mg/mL
cloridrato de bupropiona + cloridrato de naltrexona;90mg + 8mg
cloridrato de ciclobenzaprina + cafeina;5mg + 30mg
cloridrato de ciclobenzaprina + cafeina;10mg+60mg
cloridrato de ciproeptadina + cloridrato de tiamina + riboflavina + cloridrato de piridoxina + nicotinamida +;0,8mg/mL + 0,12mg/mL + 0,15mg/mL + 0,134mg/mL +
acido ascorbico;1,334mg/mL + 4,334mg/mL
cloridrato de ciprofloxacino + dexametasona;3mg/ml +1mg/ml
cloridrato de ciprofloxacino + dexametasona;3mg/ml +1mg/ml
cloridrato de ciprofloxacino + dexametasona;3mg/g +1mg/g
cloridrato de clobutinol + succinato de doxilamina;4 mg/mL + 0,75 mg/mL
cloridrato de clobutinol + succinato de doxilamina;48 mg/mL + 9 mg/mL
cloridrato de delapril + dicloridrato de manidipino;30 mg+10 mg
cloridrato de difenidramina + cloreto de amonio + citrato de sodio;5mg + 50mg + 10mg
cloridrato de donepezila + cloridrato de memantina;10mg + 5mg
cloridrato de donepezila + cloridrato de memantina;10mg + 10mg
cloridrato de donepezila + cloridrato de memantina;10mg + 15mg
cloridrato de donepezila + cloridrato de memantina;10mg + 20mg
cloridrato de dorzolamida + maleato de timolol;20mg/mL + 5,0mg/mL
cloridrato de fexofenadina + cloridrato de;60mg + 120mg
pseudoefedrina;
cloridrato de levobupivacaina + hemitartarato de;2,5mg/mL + 9,1µg/mL
epinefrina;
cloridrato de levobupivacaina + hemitartarato de;0,5mg/mL + 9,1mcg/mL
epinefrina;
cloridrato de levobupivacaina + hemitartarato de;0,75mg/mL + 9,1mcg/mL
epinefrina;
cloridrato de lidocaina + hemitartarato de epinefrina;10mg/mL + 9,1mcg/mL
cloridrato de lidocaina + hemitartarato de epinefrina;20mg/mL + 9,1mcg/mL
cloridrato de lidocaina + hemitartarato de epinefrina;20mg/mL + 0,02mg/mL
cloridrato de mepivacaina + epinefrina;20mg/mL + 10µg/mL
cloridrato de metformina + glibenclamida;500mg + 2,5mg
cloridrato de metformina + glibenclamida;500mg + 5,0mg
cloridrato de metformina + glicazida;500mg + 30mg
cloridrato de metoclopramida + dimeticona + pepsina;7mg + 40mg + 50mg
cloridrato de moxifloxacino+ fosfato dissodico de;5mg/mL + 1mg/mL
dexametasona;
cloridrato de nafazolina  + maleato de feniramina;0,25mg/mL+ 3mg/mL
cloridrato de nafazolina  + sulfato de zinco;0,15mg/mL +0,30mg/mL
heptaidratado;
cloridrato de oxicodona + cloridrato de naloxona;5mg + 2,5mg
cloridrato de oxicodona + cloridrato de naloxona;10mg + 5mg
cloridrato de oxicodona + cloridrato de naloxona;20mg + 10mg
cloridrato de  oxomemazina + iodeto de potassio +;0,4mg/mL + 20mg/mL + 4mg/mL
benzoato de sodio + guaifenesina;+6mg/mL
cloridrato de palonosetrona + netupitanto;0,56mg + 300mg
cloridrato de propranolol + hidroclorotiazida;40 mg + 12,5 mg
cloridrato de propranolol + hidroclorotiazida;80 mg +12,5 mg
cloridrato de tiamina + cloridrato de piridoxina (ampola 1)  cianocobalamina + fosfato de;100mg + 100mg (ampola 1) + 5mg
dexametasona (ampola 2);+ 4,37mg (ampola 2)
cloridrato de tramadol + diclofenaco sodico;25mg + 25mg
cloridrato de tramadol + diclofenaco sodico;50mg + 50mg
cloridrato de tramadol + paracetamol;37,5 mg + 325 mg
clortalidona + cloridrato de amilorida;25mg + 5mg
clotrimazol + acetato de dexametasona;10mg/g + 0,443mg/g
desloratadina + sulfato de pseudoefedrina;2,5 mg + 120 mg
desogestrel + etinilestradiol;0,125mg + 0,03mg (com branco) +
desogestrel + etinilestradiol;0,15mg + 0,02mg
desogestrel + etinilestradiol;150+20 μg (com branco) / 0+10 μg
desogestrel + etinilestradiol;0,15mg +   0,03mg
desoximetasona + sulfato de neomicina;2,5 mg + 7,1 mg
dexametasona (fosfato dissodico) + sulfato de;1mg/mL + 3,5mg/mL
neomicina;
dexametasona + sulfato de neomicina + sulfato de;1mg/mL + 3,5mg/mL + 6.000 UI/mL
polimixina b;
dexametasona + sulfato de neomicina + sulfato de;1mg/g + 3,5mg/g + 6.000 UI/g
polimixina b;
diclofenaco sodico + fosfato de codeina;50 mg + 50 mg
dimenidrinato + cloridrato de piridoxina;25 mg/mL + 5 mg/mL
dimenidrinato + cloridrato de piridoxina;50 mg + 10 mg
dimenidrinato + cloridrato de piridoxina + glicose +;3 mg/mL + 5 mg/mL + 100 mg/mL +
frutose;100 mg/mL
dipirona sodica + cafeina;500mg + 65mg
dipirona + cafeina + dipirona + maleato de;250mg + 30mg (verde) + 250mg +
clorfenamina;2,0mg (amarelo)
dipropionato de beclometasona + fumarato de;100µg + 6µg/dose
formoterol diidratado;
dipropionato de beclometasona + fumarato de;100µg + 6µg/dose
formoterol diidratado;
dipropionato de beclometasona + fumarato de;200µg + 6µg/dose
formoterol diidratado;
dipropionato de beclometasona + sulfato de;50µg /dose+100µg/dose
salbutamol;
dipropionato de beclometasona + sulfato de;50µg /dose+100µg/dose
salbutamol;
dipropionato de beclometasona + sulfato de;50µg /dose+100µg/dose
salbutamol;
dipropionato de beclometasona + sulfato de;250µg/dose +100µg/dose
salbutamol;
dipropionato de beclometasona + sulfato de;250µg/dose +100µg/dose
salbutamol;
dipropionato de beclometasona + sulfato de;250µg/dose +100µg/dose
salbutamol;
dipropionato de betametasona  + acido salicilico;0,64mg + 30mg
dipropionato de betametasona + acido salicilico;0,64mg + 20mg
dipropionato de betametasona + fosfato dissodico de;5,0mg/mL + 2,0mg/mL
betametasona;
dipropionato de betametasona + sulfato de;0,64mg/g  + 1mg/g
gentamicina;
dipropionato de betametasona + sulfato de;0,64mg/g  + 1mg/g
gentamicina;
drospirenona + clatrato de etinilestradiol;3mg + 0,02mg
betaciclodextrina;
drospirenona + etinilestradiol;3mg + 0,03mg
drospirenona + etinilestradiol;3mg + 0,03mg
dutasterida + cloridrato de tansulosina;0,5mg+ 0,4mg
empagliflozina + linagliptina;10mg+5mg
empagliflozina + linagliptina;25mg+5mg
empagliflozina + cloridrato de metformina;12,5mg+850mg
empagliflozina + cloridrato de metformina;12,5mg+1000mg
enantato de noretisterona + valerato de estradiol;50mg/mL + 5mg/mL
entricitabina + fumarato de tenofovir desoproxila;200mg+300mg
estradiol ( valerato) + dienogeste;3mg+0 (com amarelo escuro) 2mg
estradiol (hemihidrato) + acetato de noretisterona;50µg/dia + 140µg/dia
estradiol (hemihidrato) + acetato de noretisterona;50µg/dia + 170µg/dia
estradiol (hemihidrato) + acetato de noretisterona;0,5mg + 0,1mg
estradiol + didrogesterona;1mg + 5mg
estradiol + didrogesterona;1mg + 0mg (com branco) + 1mg +
estradiol hemiidratado + drospirenona;1mg + 2mg
etinilestradiol + gestodeno;0,03mg + 0,075mg
etinilestradiol + gestodeno;0,03mg + 0,075mg
etinilestradiol + norelgestromina;33,9µg/dia + 203µg/dia
etonogestrel + etinilestradiol;11,7mg + 2,7mg
ezetimiba + sinvastatina;10mg + 10mg
ezetimiba + sinvastatina;10mg + 20mg
ezetimiba + sinvastatina;10mg + 40mg
felodipino + succinato de metoprolol;5mg + 50mg
fosfato de sitagliptina + cloridrato de metformina;50mg + 500mg
fosfato de sitagliptina + cloridrato de metformina;50 mg +850 mg
fosfato de sitagliptina + cloridrato de metformina;50 mg +1000 mg
fosfato de sitagliptina + cloridrato de metformina;50mg + 500mg
fosfato de sitagliptina + cloridrato de metformina;50 mg +1000 mg
fosfato de sitagliptina + cloridrato de metformina;100 mg +1000 mg
fumarato de formoterol diidratado + budesonida;12mcg/dose + 400mcg/dose
fumarato de formoterol diidratado + budesonida;6 mcg /dose + 100mcg/dose
fumarato de formoterol diidratado + budesonida;6 mcg /dose+ 200mcg/dose
fumarato de formoterol diidratado + budesonida;6mcg/dose + 100mcg/dose
fumarato de formoterol diidratado + budesonida;6mcg/dose + 200mcg/dose
fumarato de formoterol diidratado + budesonida;12mcg/dose + 400mcg/dose
fumarato de formoterol diidratado + budesonida;12mcg/dose + 200mcg/dose
fumarato de formoterol diidratado + budesonida;12mcg/dose + 400mcg/dose
fumarato de formoterol diidratado + budesonida;6 mcg /dose+100mcg/dose
fumarato de formoterol diidratado + budesonida;6 mcg /dose+200mcg/dose
fumarato de formoterol diidratado + propionato de;12mcg/dose + 250mcg/dose
fluticasona;
furoato de fluticasona + brometo de umeclidinio +;100 + 62,5 + 25 µg
trifenatato de vilanterol;
furoato de fluticasona + trifenatato de vilanterol;100mcg + 25mcg
furoato de fluticasona + trifenatato de vilanterol;200mcg + 25mcg
gatifloxacino + acetato de prednisolona;3mg/ml + 10mg/ml
gestodeno + etinilestradiol;0,075mg + 0,020mg
gestodeno + etinilestradiol;0,06mg + 0,015mg
glimepirida + metformina (cloridrato);2,0 + 1000 mg
glimepirida + metformina (cloridrato);4,0 + 1000 mg
hemifumarato de bisoprolol + besilato de anlodipino;5mg + 5mg
hemifumarato de bisoprolol + besilato de anlodipino;5mg + 10mg
hemifumarato de bisoprolol + besilato de anlodipino;10mg + 5mg
hemifumarato de bisoprolol + besilato de anlodipino;10mg + 10mg
hemifumarato de bisoprolol + hidroclorotiazida;2,5mg + 6,25mg
hemifumarato de bisoprolol + hidroclorotiazida;5mg + 6,25mg
hialuronidase + valerato de betametasona;150 UTR/g + 2,5mg/g
hidrato de calcipotriol + dipropionato de;50mcg/g + 0,5mg/g
betametasona;
hidrato de calcipotriol + dipropionato de;50mcg/g + 0,5mg/g
betametasona;
hidrocortisona + sulfato de neomicina + sulfato de;10.000UI + 5mg/mL + 10mg/mL
polimixina b;
imipenem + cilastatina sodica;500mg + 500mg
isetionato de hexamidina + cloridrato de tetracaina;1mg/mL + 0,5mg/mL
isoniazida + rifampicina;150 mg + 300 mg
isotretinoina + eritromicina;0,5mg/g + 20,0mg/g
Lamivudina + dolutegravir sodico;300mg + 50mg
lamivudina + fumarato de tenofovir  desoproxila;300mg+300mg
lamivudina + zidovudina;150mg + 300mg
lansoprazol + levofloxacino + amoxicilina (triidratada);30mg+500mg+500mg
lansoprazol +claritromicina +amoxicilina (triidratada );30mg + 500mg + 500mg
latanoprosta + maleato de timolol;50mcg/mL + 5mg/mL
levodopa + carbidopa + entacapona;50mg+12,5mg+200mg
levodopa + carbidopa + entacapona;100mg + 25mg + 200mg
levodopa + carbidopa + entacapona;150mg + 37,5mg + 200mg
levodopa + cloridrato de benserazida;200mg + 50mg
levodopa + cloridrato de benserazida;100mg + 25mg
levodopa + cloridrato de benserazida;100mg + 25mg
levodopa + cloridrato de benserazida;100mg + 25mg
levodopa + cloridrato de benserazida;200mg + 50mg
levonogestrel + etinilestradiol;0,25mg + 0,05mg
levonorgestrel + etinilestradiol;0,10mg + 0,02mg
levonorgestrel + etinilestradiol;0,15mg + 0,03mg
levonorgestrel + etinilestradiol;0,05mg + 0,03mg (drag a) + 0,075mg + 0,04mg (drag b) +
lidocaina + acetato de hidrocortisona +  oxido de;50mg + 2.5mg + 180mg + 35mg
zinco + subacetato de aluminio;
lidocaina + prilocaina;25mg/g + 25mg/g
lidocaina + tetracaina;70mg/g + 70mg/g
linagliptina + cloridrato de metformina;2,5mg + 500mg
linagliptina + cloridrato de metformina;2,5mg + 850mg
linagliptina + cloridrato de metformina;2,5mg + 1000mg
lopinavir + ritonavir;80mg/mL + 20mg/mL
loratadina + sulfato de pseudoefedrina;1mg/mL + 12mg/mL
losartana potassica + hidroclorotiazida;100mg + 25mg
losartana potassica + hidroclorotiazida;50mg + 12,5mg
losartana potassica + besilato de anlodipino;50mg +5mg
maleato de bronfeniramina + cloridrato de fenilefrina;0,4 mg/ml + 1mg/ml
maleato de bronfeniramina + cloridrato de fenilefrina;2 mg /ml+ 2,5 mg/ml
maleato de bronfeniramina + cloridrato de fenilefrina;12 mg + 15 mg
maleato de bronfeniramina + cloridrato de;0,2mg/mL + 3mg/mL
pseudoefedrina;
maleato de bronfeniramina + cloridrato de;4mg + 60mg
pseudoefedrina;
maleato de bronfeniramina + cloridrato de;0,2mg/mL + 3mg/mL
pseudoefedrina;
maleato de dexclorfeniramina + betametasona;2,0mg + 0,25mg
maleato de dexclorfeniramina + cloridrato de;1mg/g + 10mg/g + 30mg/g +
fenilefrina + cafeina + acido acetilsalicilico;400mg/g
maleato de dexclorfeniramina + sulfato de;0,4 mg/ml+ 4 mg/ml+ 20 mg/ml
pseudoefedrina + guaifenesina;
maleato de enalapril + besilato de anlodipino;2,5mg + 10mg
maleato de enalapril + besilato de anlodipino;5,0mg + 10mg
maleato de enalapril + besilato de anlodipino;5,0mg + 20mg
maleato de enalapril + hidroclorotiazida;10mg + 25mg
maleato de enalapril + hidroclorotiazida;20mg + 12,5mg
maleato de indacaterol + brometo de glicopirronio;110mcg + 50mcg/dose
maleato de mepiramina + hidroxido de aluminio +;15mg + 150mg + 150mg + 50mg
acido acetilsalicilico + cafeina;
medroxiprogesterona + estradiol;25mg/0,5ml + 5mg/0,5ml
mepartricina + cloridrato de tetraciclina;5000UI/g + 20mg/g
mesilato de doxasozina +finasterida;2mg+ 5mg
metronidazol + nistatina;100mg/g + 20.000UI/g
metronidazol + nitrato de miconazol;750mg+200mg
montelucaste de sodio + dicloridrato de levocetirizina;10mg + 5mg
naproxeno + esomeprazol magnesio tri-hidratado;500mg +20mg
nimesulida + pantoprazol sodico;100mg + 20mg
nistatina + oxido de zinco;100.000U/g + 200mg/g
nitrato de miconazol + tinidazol;30mg/g + 20mg/g
norgestrel + etinilestradiol;0,5mg + 0,05mg
olmesartana medoxomila + anlodipino;20mg + 5mg
olmesartana medoxomila + anlodipino;40mg + 5mg
olmesartana medoxomila + anlodipino;40mg +10mg
olmesartana medoxomila + hidroclorotiazida;20mg + 12,5mg
olmesartana medoxomila + hidroclorotiazida;40mg + 12,5mg
olmesartana medoxomila + hidroclorotiazida;40mg + 25mg
olmesartana medoxomila + besilato de anlodipino+;40mg + 10mg + 12,5mg
hidroclorotiazida;
olmesartana medoxomila + hidroclorotiazida +;20mg + 12,5mg + 5mg
anlodipino;
olmesartana medoxomila + hidroclorotiazida +;40mg + 12,5mg + 5mg
anlodipino;
olmesartana medoxomila + hidroclorotiazida +;40mg + 25mg + 10mg
anlodipino;
omeprazol + claritromicina + amoxicilina;20mg + 500mg + 500mg
paracetamol + acido acetilsalicilico+ cafeina;250mg+250mg+65mg
paracetamol + cafeina;500mg + 65mg
paracetamol + cafeina anidra;500mg + 65mg
paracetamol + ibuprofeno;500mg + 200mg
paracetamol + carisoprodol + diclofenaco sodico +;300mg +      125mg +               50mg
cafeina anidra;+ 30mg
paracetamol + cloridrato de fenilefrina (com amarelo);400mg + 20mg (com amarelo) +
+ paracetamol (com branco);400mg (com branco)
paracetamol + cloridrato de fenilefrina (com amarelo);400mg + 20mg (com amarelo) + 400mg + 4mg (com laranja)
+ paracetamol + maleato de carbinoxamina (com laranja);
paracetamol + cloridrato de fenilefrina (com amarelo);400mg + 20mg (com amarelo) + 400mg + 4mg (com laranja)+
+ paracetamol + maleato de carbinoxamina (com laranja);400mg (com branco)
paracetamol + cloridrato de fenilefrina+ maleato de;40mg/mL + 1mg/mL+ 0,4 mg/mL
carbinoxamina;
paracetamol + cloridrato de fenilefrina+ maleato de;13,3mg/mL + 0,33mg/mL +
carbinoxamina;0,13mg/mL
paracetamol + cloridrato de pseudoefedrina;500mg + 30mg
paracetamol + fosfato de codeina;500mg + 30mg
paracetamol + fosfato de codeina;500mg + 7,5mg
paracetamol + maleato de clorfeniramina + cloridrato;400mg/5g + 4mg/5g + 4mg/ 5g
de fenilefrina;
paracetamol + maleato de clorfeniramina + cloridrato;400mg + 4mg + 4mg
de fenilefrina;
paracetamol + maleato de clorfeniramina + cloridrato;400mg + 4mg + 4mg
de fenilefrina;
paracetamol + maleato de clorfeniramina + cloridrato;40mg/mL + 0,6mg/mL + 0,6mg/mL
de fenilefrina;
perindopril arginina + besilato de anlodipino;3,5mg + 2,5mg
perindopril arginina + besilato de anlodipino;7mg + 5mg
perindopril arginina + besilato de anlodipino;14mg + 10mg
perindopril + indapamida;4mg + 1,25mg
perindopril arginina + indapamida;5mg + 1,25mg
perindopril arginina + indapamida;10mg + 2,5mg
perindopril arginina + indapamida + besilato de;5mg + 1,25mg + 5mg
anlodipino;
perindopril arginina + indapamida + besilato de;5mg + 1,25mg + 10mg
anlodipino;
perindopril arginina + indapamida + besilato de;10mg + 2,5mg + 5mg
anlodipino;
perindopril arginina + indapamida + besilato de;10mg + 2,5mg + 10mg
anlodipino;
picossulfato de sodio + oxido de magnesio + acido;10mg + 3,5g + 12g
citrico anidro;
piperacilina sodica + tazobactam sodica;2g + 250mg
piperacilina sodica + tazobactam sodica;4g + 500mg
pivalato de fluocortolona + cloridrato de lidocaina;1mg/g + 20mg/g
policresuleno + cloridrato de cinchocaina;50mg/g + 10mg/g
policresuleno + cloridrato de cinchocaina;100mg/g + 27mg/g
propilenoglicolato de dapagliflozina + cloridrato de;5 mg + 1000mg
Metformina;
propilenoglicolato de dapagliflozina + cloridrato de;5 mg + 500mg
Metformina;
propilenoglicolato de dapagliflozina + cloridrato de;10 mg + 500mg
Metformina;
propilenoglicolato de dapagliflozina + cloridrato de;10 mg + 1000mg
Metformina;
propilenoglicolato de dapaglifozina monoidratado +;10mg + 05mg
cloridrato de saxagliptina di-hidratada;
propionato de testosterona + isocaproato de testosterona + decanoato de testosterona +;30mg + 60mg + 100mg + 60mg
fempropionato de testosterona;
ramipril  + hidroclorotiazida;5mg + 25mg
ramipril + besilato de anlodipino;10mg + 10mg
ramipril + besilato de anlodipino;2,5mg + 5mg
ramipril + besilato de anlodipino;10mg + 5mg
ramipril + besilato de anlodipino;5mg + 5mg
rosuvastatina calcica + ezetimiba;10mg + 10mg
rosuvastatina calcica + ezetimiba;20mg + 10mg
rosuvastatina calcica + ezetimiba;40mg + 10mg
rosuvastatina calcica + ezetimiba;5mg + 10mg
rosuvastatina calcica + ezetimiba;10mg + 10mg
rosuvastatina calcica + ezetimiba;20mg + 10mg
saxagliptina + cloridrato de metformina;2,5mg + 1000mg
saxagliptina + cloridrato de metformina;5mg + 500mg
saxagliptina + cloridrato de metformina;5mg + 1000mg
sofosbuvir + velpatasvir;400mg + 100mg
succinato de solifenacina + cloridrato de tansulosina;6mg + 0,4mg
succinato de sumatriptana + naproxeno sodico;85 mg + 500 mg
succinato de sumatriptana + naproxeno sodico;50 mg + 500 mg
sulfadiazina de prata  + nitrato de cerio;10mg/g + 4mg/g
sulfametoxazol + trimetoprima;400mg + 80mg
sulfametoxazol + trimetoprima;40mg/mL + 8mg/mL
sulfametoxazol + trimetoprima;800mg + 160mg
sulfametoxazol + trimetoprima;80mg/mL + 16mg/mL
sulfato de ceftolozana + tazobactam sodico;1g + 0,5g
sulfato de gentamicina + fosfato dissodico de;3mg/mL + 1mg/mL
betametasona;
sulfato de neomicina + acetato de clostebol;5mg/g + 5mg/g
sulfato de neomicina + acetato de clostebol;5mg/g + 5mg/g
sulfato de neomicina + bacitracina zincica;5mg/g + 250UI/g
sulfato de neomicina + sulfato de polimixina +;35.000UI + 35.000UI + 100.000UI +
nistatina + tinidazol;150mg
sulfato de salbutamol + guaifenesina;0,48mg/mL + 20mg/mL
tartarato de brimonidina + maleato de timolol;2,0 mg/mL + 5,0 mg/mL
telmisartana + besilato de anlodipino;40mg+ 5 mg
telmisartana + besilato de anlodipino;80mg+ 5 mg
telmisartana + besilato de anlodipino;80mg+ 10 mg
telmisartana + hidroclorotiazida;80 mg + 25 mg
telmisartana + hidroclorotiazida;40 mg + 12,5 mg
telmisartana + hidroclorotiazida;80 mg + 12,5 mg
amp I: tiamina (cloridrato) + cloridrato de piridoxina;amp I: (50 + 50)mg/ml                amp
amp II:cianocobalamina + diclofenaco sodico;II: (5 + 75)mg/ml
ticarcilina + acido clavulanico;3,34g + 0,119g
tinidazol + tioconazol;30mg/g  + 20mg/g
tioconazol+ tinidazol+ secnidazol;20mg/g+30mg/g+1g (2 comp)
tioconazol+ tinidazol+ secnidazol;20mg/g+30mg/g+1g ( 4comp)
tobramicina + dexametasona;3mg + 1,0mg
tobramicina + dexametasona;3mg + 1,0mg
travoprosta + timolol (maleato);0,04 mg/mL + 5 mg/mL
tretinoina + fosfato de clindamicina;0,25 MG/G + 12 MG/G (EQ.
tribenosideo + cloridrato de lidocaina;50mg/g + 20mg/g
trifluridina + cloridrato de tipiracila;15mg + 6,14mg
trifluridina + cloridrato de tipiracila;20mg + 8,19mg
valerato de betametasona + clioquinol;1mg/g + 30mg/g
valerato de betametasona + clioquinol;1mg/g + 30mg/g
valerato de betametasona + sulfato de gentamicina +;0,5mg/g + 1mg/g + 10mg/g +
tolnaftato + clioquinol;10mg/g
valerato de betametasona + sulfato de gentamicina +;0,5mg/g + 1mg/g + 10mg/g +
tolnaftato + clioquinol;10mg/g
valerato de betametasona + sulfato de neomicina;1mg/g + 5mg/g
valerato de betametasona + sulfato de neomicina;1mg/g + 5mg/g
valerato de diflucortolona + nitrato de isoconazol;1mg/g + 10mg/g
valerato de estradiol (comp branco) / valerato de;2mg (comp branco) / 2mg + 1mg
estradiol + acetato de ciproterona (comp rosado);(comp rosado)
valproato de sodio + acido valproico;300mg ( 199,80mg + 87mg)
valproato de sodio + acido valproico;500mg (333mg + 145mg)
valsartana + besilato de anlodipino;80mg + 5mg
valsartana + besilato de anlodipino;160mg + 5,0mg
valsartana + besilato de anlodipino;160mg + 10,0mg
valsartana + besilato de anlodipino;320mg + 5,0mg
valsartana + besilato de anlodipino;320mg + 10,0mg
valsartana + hidroclorotiazida;160mg + 12,5mg
valsartana + hidroclorotiazida;160mg + 25mg
valsartana + hidroclorotiazida;80mg + 12,5mg
valsartana + hidroclorotiazida;320mg + 12,5mg
valsartana + hidroclorotiazida;320mg + 25mg
valsartana+hidroclorotiazida+ besilato de anlodipino;160mg + 12,5mg + 5mg
valsartana+hidroclorotiazida+ besilato de anlodipino;160mg + 12,5mg + 10mg
valsartana+hidroclorotiazida+ besilato de anlodipino;160mg + 25mg + 5mg
valsartana+hidroclorotiazida+ besilato de anlodipino;160mg + 25mg + 10mg
valsartana+hidroclorotiazida+ besilato de anlodipino;320mg + 25mg + 10mg
vildagliptina + cloridrato de metformina;50+500 / 50+850 / 50+1000 mg
xinafoato de salmeterol + propionato de fluticasona;50 mcg /dose+ 100 mcg /dose
xinafoato de salmeterol + propionato de fluticasona;50 mcg/dose + 250 mcg/dose
xinafoato de salmeterol + propionato de fluticasona;50 mcg /dose+ 500 mcg/dose
xinafoato de salmeterol + propionato de fluticasona;25 mcg/dose + 125 mcg/dose
xinafoato de salmeterol + propionato de fluticasona;25 mcg/dose+ 250 mcg/dose
xinafoato de salmeterol + propionato de fluticasona;25 mcg/dose+ 50 mcg/dose
;
;
;
;
;
;
;
;
;
;
;
;
;
;
;
;
;
;
;
;
;
;
;
;
;
;
;
;
;
;
;
;
;
;
;
;
;
;
;
;
;
;
;
;
;
;
;
;
;
;
;
;
;
;
;
;
;
;
;
;
;
;
;
;
;
;
;
;
;
;
;
;
;
;
;
;
;
;
;
;
;
;
;
;
;
;
;
;
;
;
;
;
;
;
;
;
;
;
;
;
;
;
;
;
;
;
;
;
;
;
;
;
;
;
;
;
;
;
;
;
;
;
;
;
;
;
;
;
;
;
;
;
;
;
;
;
;
;
;
;
;
;
;
;
;
;
;
;
;
;
;
;
;
;
;
;
;
;
;
;
;
;
;
;
;
;
;
;
;
;
;
;
;
;
;
;
;
;
;
;
;
;
;
;
;
;
;
;
;
;
;
;
;
;
;
;
;
;
;
;
;
;
;
;
;
;
;
;
;
;
;
;
;
;
;
;
;
;
;
;
;
;
;
;
;
;
;
;
;
;
;
;
;
;
;
;
;
;
;
;
;
;
;
;
;
;
;
;
;
;
;
;
;
;
;
;
;
;
;
;
;
;
;
;
;
;
;
;
;
;
;
;
;
;
;
;
;
;
;
;
;
;
;
;
;
;
;
;
;
;
;
;
;
;
;
;
;
;
;
;
;
;
;
;
;
;
;
;
;
;
;
;
;
;
;
;
;
;
;
;
;
;
;
;
;
;
;
;
;
;
;
;
;
;
;
;
;
;
;
;
;
;
;
;
;
;
;
;
;
;
;
;
;
;
;
;
;
;
;
;
;
;
;
;
;
;
;
;
;
;
;
;
;
;
;
;
;
;
;
;
;
;
;
;
;
;
;
;
;
;
;
;
;
;
;
;
;
;
;
;
;
;
;
;
;
;
;
;
;
;
;
;
;
;
;
;
;
;
;
;
;
;
;
;
;
;
;
;
;
;
;
;
;
;
;
;
;
;
;
;
;
;
;
;
;
;
;
;
;
;
;
;
;
;
;
;
;
;
;
;
;
;
;
;
;
;
;
;
;
;
;
;
;
;
;
;
;
;
;
;
;
;
;
;
;
;
;
;
;
;
;
;
;
;
;
;
;
;
;
;
;
;
;
;
;
;
;
;
;
;
;
;
;
;
;
;
;
;
;
;
;
;
;
;
;
;
;
;
;
;
;
;
;
;
;
;
;
;
;
;
;
;
;
;
;
;
;
;
;
;
;
;
;
;
;
;
;
;
;
;
;
;
;
;
;
;
;
;
;
;
;
;
;
;
;
;
;
;
;
;
;
;
;
;
;
;
;
;
;
;
;
;
;
;
;
;
;
;
;
;
;
;
;
;
;
;
;
;
;
;
;
;
;
;
;
;
;
;
;
;
;
;
;
;
;
;
;
;
;
;
;
;
;
;
;
;
;
;
;
;
;
;
;
;
;
